{"NumKey":5,"Point X0":0.0,"Point X1":0.30166667699813843,"Point X10":0.6600000262260437,"Point X11":0.7833333611488342,"Point X12":0.8983333110809326,"Point X13":1.0,"Point X2":0.49000000953674316,"Point X3":0.7933333516120911,"Point X4":1.0,"Point X5":0.273333340883255,"Point X6":0.3316666781902313,"Point X7":0.40166667103767395,"Point X8":0.48500001430511475,"Point X9":0.5683333277702332,"Point Y0":0.5099999904632568,"Point Y1":1.0,"Point Y10":0.009999990463256836,"Point Y11":1.0,"Point Y12":0.004999995231628418,"Point Y13":1.0,"Point Y2":1.0,"Point Y3":0.04000002145767212,"Point Y4":0.49000000953674316,"Point Y5":1.0,"Point Y6":0.014999985694885254,"Point Y7":0.9950000047683716,"Point Y8":0.004999995231628418,"Point Y9":1.0}
