{"NumKey":5,"Point X0":0.0,"Point X1":0.25,"Point X2":0.4950000047683716,"Point X3":0.753333330154419,"Point X4":1.0,"Point Y0":0.004999995231628418,"Point Y1":1.0,"Point Y2":0.004999995231628418,"Point Y3":1.0,"Point Y4":0.004999995231628418}
