{"NumKey":7,"Point X0":0.0,"Point X1":0.021666666492819786,"Point X2":0.21166667342185974,"Point X3":0.2433333396911621,"Point X4":0.39666667580604553,"Point X5":0.41333332657814026,"Point X6":1.0,"Point Y0":0.004999995231628418,"Point Y1":0.9900000095367432,"Point Y2":0.9900000095367432,"Point Y3":0.4150000214576721,"Point Y4":0.19499999284744263,"Point Y5":0.009999990463256836,"Point Y6":0.02499997615814209}
