{"NumKey":4,"Point X0":0.0,"Point X1":0.10499999672174454,"Point X2":0.20999999344348907,"Point X3":1.0,"Point Y0":0.004999995231628418,"Point Y1":0.5299999713897705,"Point Y2":0.2200000286102295,"Point Y3":0.004999995231628418}
